Id;SalePrice;MSSubClass;LotArea;OverallQual;OverallCond;YearBuilt
1461;169277.0525;20;11622;5;6;1961
1462;187758.394;20;14267;6;6;1958
1463;183583.6836;60;13830;5;5;1997
1464;179317.4775;60;9978;6;6;1998
1465;150730.08;120;5005;8;5;1992
1466;177150.9892;60;10000;6;5;1993
1467;172070.6592;20;7980;6;7;1992
1468;175110.9565;60;8402;6;5;1998
1469;162011.6988;20;10176;7;5;1990
1470;160726.2478;20;8400;4;5;1970
1471;157933.2795;120;5858;7;5;1999
1472;145291.245;160;1680;6;5;1971
1473;159672.0176;160;1680;5;5;1971
1474;164167.5183;160;2280;6;6;1975
1475;150891.6382;120;2280;7;6;1975
1476;179460.9652;60;12858;9;5;2009
1477;185034.6289;20;12883;8;5;2009
1478;182352.1926;20;11520;9;5;2005
1479;183053.4582;20;14122;8;5;2005
1480;187823.3393;20;14300;9;5;2003
1481;186544.1143;60;13650;8;5;2002
1482;158230.7752;120;7132;8;5;2006
1483;190552.8293;20;18494;6;5;2005
1484;147183.6749;120;3203;7;5;2006
1485;185855.3009;80;13300;7;5;2004
1486;174350.4707;60;8577;7;5;2004
1487;201740.6207;60;17433;8;5;1998
1488;162986.3789;20;8987;8;5;2005
1489;162330.1991;20;9215;7;5;2009
1490;165845.9386;20;10440;6;5;2005
1491;180929.6229;60;11920;7;5;2004
1492;163481.5015;30;9800;5;5;1920
1493;187798.0767;20;15410;6;6;1974
1494;198822.1989;60;13143;8;5;1993
1495;194868.4099;60;11134;8;5;1992
1496;152605.2986;120;4835;7;5;2004
1497;147797.7028;160;3515;7;5;2004
1498;150521.969;160;3215;7;5;2004
1499;146991.6302;160;2544;7;5;2004
1500;150306.3078;160;2544;6;5;2005
1501;151164.3725;160;2980;6;5;2000
1502;151133.707;160;2403;7;5;2003
1503;156214.0425;20;12853;8;5;2010
1504;171992.7607;60;7379;8;5;2000
1505;173214.9125;20;8000;7;5;2002
1506;192429.1873;20;10456;6;6;1967
1507;190878.6951;60;10791;6;5;1993
1508;194542.5441;50;18837;6;5;1978
1509;191849.4391;60;9600;6;6;1971
1510;176363.7739;20;9600;5;5;1966
1511;176954.1854;20;9900;5;5;1966
1512;176521.217;20;9680;5;6;1967
1513;179436.7048;80;10600;6;5;1964
1514;220079.7568;90;13260;5;6;1962
1515;175502.9181;50;9724;5;7;1952
1516;188321.0738;50;17360;6;6;1949
1517;163276.3245;85;11380;6;8;1966
1518;185911.3663;90;8267;5;5;1958
1519;171392.831;20;8197;7;5;2003
1520;174418.207;20;8050;5;5;1959
1521;179682.7096;20;10725;5;5;1959
1522;179423.7516;20;10032;6;5;1959
1523;171756.9181;50;8382;4;5;1956
1524;166849.6382;20;10950;5;7;1952
1525;181122.1687;20;10895;5;6;1955
1526;170934.4627;190;13587;5;5;1958
1527;159738.2926;30;7898;4;7;1920
1528;174445.7596;50;8064;6;8;1948
1529;174706.3637;20;7635;5;6;1960
1530;164507.6725;20;9760;6;7;1963
1531;163602.5122;50;4800;4;5;1900
1532;154126.2702;30;4485;5;7;1920
1533;171104.8535;20;5805;5;7;1957
1534;167735.3927;45;6900;6;7;1938
1535;183003.6133;50;11851;5;7;1948
1536;172580.3812;50;8239;5;6;1920
1537;165407.8891;30;9656;2;2;1923
1538;176363.7739;70;9600;8;9;1900
1539;175182.9509;70;9000;8;9;1890
1540;190757.1778;190;9045;5;3;1910
1541;167186.9958;70;10560;6;7;1922
1542;167839.3768;50;5830;5;6;1950
1543;173912.4212;75;7793;7;7;1922
1544;154034.9174;30;5000;4;7;1925
1545;156002.9558;50;6000;6;7;1939
1546;168173.9433;50;6000;6;6;1940
1547;168882.4371;50;6360;5;6;1942
1548;168173.9433;50;6000;6;7;1948
1549;157580.1776;50;6240;5;7;1936
1550;181922.1526;50;6240;5;5;1930
1551;155134.2278;30;6120;6;5;1923
1552;188885.5733;50;8094;4;5;1915
1553;183963.193;70;12900;6;8;1912
1554;161298.7623;70;3068;6;8;1920
1555;188613.6676;20;15263;5;5;1959
1556;175080.1118;50;10632;5;3;1917
1557;174744.4003;190;9900;5;4;1915
1558;168175.9113;50;6001;6;5;1940
1559;182333.4726;70;6449;4;1;1907
1560;158307.2067;190;6048;5;7;1910
1561;193053.0555;90;10773;4;3;1967
1562;175031.09;20;7800;5;7;1966
1563;160713.2946;20;7832;5;5;1968
1564;173186.215;90;7424;5;5;1978
1565;191736.7598;60;11227;5;5;1968
1566;170401.631;20;20062;7;7;1977
1567;164626.5779;30;9259;4;4;1927
1568;205469.4094;60;17082;6;5;1978
1569;209561.7842;50;18600;3;4;1938
1570;182271.5031;20;11479;6;7;1950
1571;178081.5494;50;9350;4;6;1947
1572;178425.9561;20;9525;5;7;1954
1573;162015.3185;20;17485;7;5;2009
1574;181722.4204;20;11200;5;3;1964
1575;156705.7302;20;11980;7;5;1987
1576;182902.4203;60;12361;6;7;1993
1577;157574.5954;20;7360;7;5;2010
1578;184380.7391;50;14235;6;8;1900
1579;169364.4692;85;11105;5;5;1996
1580;175846.1798;60;9337;7;5;1997
1581;189673.2953;20;15240;5;8;1977
1582;174401.3177;20;7480;5;6;1972
1583;179021.4487;20;10389;8;5;2003
1584;189196.8453;60;9375;7;5;1997
1585;139647.0957;120;4435;6;5;2003
1586;161468.1983;30;8777;3;6;1945
1587;171557.3232;20;8842;5;6;1954
1588;179447.368;20;10044;5;6;1968
1589;169611.619;50;11792;4;5;1948
1590;172088.8727;80;6305;6;6;1975
1591;171190.6241;20;6410;4;5;1958
1592;154850.5084;30;4853;5;6;1924
1593;158617.6557;30;7890;6;6;1939
1594;209258.3369;90;7200;4;6;1967
1595;177939.0276;50;9839;5;2;1931
1596;194631.1003;50;10452;7;6;1941
1597;213618.8716;90;15600;5;6;1950
1598;198342.5042;80;19645;7;6;1994
1599;138607.9715;120;3907;8;6;1989
1600;150778.959;120;3907;8;5;1989
1601;146966.2303;30;8154;2;5;1941
1602;162182.5962;50;9140;6;5;1921
1603;176825.941;30;8712;4;7;1896
1604;152799.8124;120;3811;8;5;2004
1605;180322.3221;60;11050;8;5;1998
1606;177508.0272;80;9620;6;7;1977
1607;208029.6427;90;12760;6;5;1976
1608;181987.2825;20;11896;7;5;2008
1609;160172.728;20;9803;7;5;2009
1610;176761.3177;60;9802;5;5;2006
1611;176515.4975;20;15300;5;5;1965
1612;176270.4531;20;10114;5;5;2004
1613;183050.8463;20;11875;5;5;1999
1614;150011.1021;120;2394;5;6;1973
1615;159270.5378;160;1476;4;7;1970
1616;163419.6637;160;1900;4;4;1970
1617;163399.9833;160;1890;4;6;1972
1618;173364.1615;20;6953;5;7;1971
1619;169556.8359;20;12887;5;7;1984
1620;183690.596;90;7700;5;2;1985
1621;176980.9149;60;10475;5;5;1991
1622;204773.3622;50;10544;5;5;1969
1623;174728.656;20;9892;8;5;1994
1624;181873.4582;60;12961;6;5;1993
1625;177322.0008;20;13008;6;5;1956
1626;193927.939;20;10200;6;5;1974
1627;181715.6227;60;10179;6;5;1997
1628;199270.8412;60;11792;8;5;2003
1629;177109.59;80;8400;7;5;1996
1630;153909.5783;120;7296;8;5;2004
1631;162931.2033;120;7380;8;5;1998
1632;166386.7567;120;8013;8;5;1995
1633;173719.3038;80;8923;7;5;1998
1634;179757.9257;60;7500;6;5;1998
1635;179007.602;60;8803;6;5;1994
1636;180370.8086;20;7250;6;5;1993
1637;185102.6167;60;11900;5;6;1977
1638;198825.5635;60;13250;7;6;1978
1639;184294.576;20;10928;6;6;1978
1640;200443.7921;60;12388;7;7;1980
1641;181294.7845;20;11088;6;5;1978
1642;174354.3363;60;7000;7;5;2003
1643;172023.6778;60;7500;8;5;2000
1644;181666.9229;60;8470;8;5;2002
1645;179024.4913;20;9373;5;7;1975
1646;178324.1916;20;10140;6;6;1974
1647;184534.6767;20;11050;7;5;1975
1648;159397.2504;20;7830;5;5;1970
1649;178430.9667;20;8510;5;7;1971
1650;177743.7994;20;7038;4;6;1970
1651;179395.3055;20;9000;4;7;1971
1652;151713.3847;160;1680;6;5;1973
1653;151713.3847;160;1680;6;6;1972
1654;168434.978;160;2308;6;5;1976
1655;153999.1003;120;2280;7;5;1975
1656;164096.0974;160;2349;6;5;1977
1657;166335.403;160;2364;6;5;1978
1658;163020.7254;160;2364;6;5;1978
1659;155862.5107;120;2104;7;6;1976
1660;182760.6511;20;10710;5;7;1966
1661;201912.2706;60;14257;9;5;2007
1662;185988.234;60;12350;9;5;2009
1663;183778.4489;20;12350;9;5;2008
1664;170935.8592;20;13693;10;5;2007
1665;184468.9084;20;11578;9;5;2008
1666;191569.0897;20;16870;8;5;2004
1667;232991.0256;60;23303;8;5;2007
1668;180980.7214;20;10367;9;5;2008
1669;164279.1305;20;10872;9;5;2006
1670;183859.4604;20;13514;9;5;2008
1671;185922.4657;20;12878;7;5;2003
1672;191742.7781;20;15274;9;5;2003
1673;199954.0725;60;13262;8;5;2003
1674;180690.2748;20;9658;8;5;2006
1675;163099.3096;120;6904;6;5;2005
1676;140791.9225;120;5122;6;5;2005
1677;166481.8665;120;10307;7;5;2007
1678;172080.4345;20;14836;10;5;2004
1679;191719.1617;20;15262;8;5;2003
1680;160741.0986;120;7390;9;5;2008
1681;157829.5469;120;6472;9;5;2008
1682;196896.7486;20;16770;8;5;2002
1683;159675.424;120;3480;7;5;2003
1684;182084.7909;60;10928;7;5;2005
1685;179233.9264;60;8918;6;5;2005
1686;155774.2709;120;3182;7;5;2005
1687;181354.3267;80;9434;7;5;2004
1688;179605.5637;60;7984;7;5;2004
1689;181609.3487;60;10125;7;5;2004
1690;178221.5316;60;8965;7;5;2003
1691;175559.9207;60;8174;7;5;2003
1692;200328.8228;60;12891;8;5;2002
1693;178630.0606;80;9734;7;5;2004
1694;177174.5352;60;8433;6;5;2000
1695;172515.6874;80;7750;7;5;1999
1696;204032.9929;60;15896;7;5;1999
1697;176023.2328;80;7848;7;6;1999
1698;202202.0733;60;12720;8;5;2000
1699;181734.4801;20;10750;8;5;1994
1700;183982.159;60;9085;7;5;1995
1701;188007.9424;60;11692;8;5;1993
1702;185922.9668;20;11194;8;5;2008
1703;183978.5449;20;10206;8;5;2008
1704;177199.6186;20;10130;8;5;2007
1705;181878.648;20;9139;8;5;2006
1706;173622.0887;20;11128;9;5;2005
1707;180728.1686;20;7993;7;5;2008
1708;176477.0266;20;8640;7;5;2008
1709;184282.2667;20;12606;9;5;2007
1710;162062.4754;20;7500;8;5;2006
1711;182550.071;60;10603;8;5;2006
1712;180987.9496;20;8125;8;5;2008
1713;178173.7976;20;10625;7;5;2006
1714;179980.6359;20;8736;7;5;2003
1715;173257.6378;60;8127;7;5;2003
1716;177271.2911;20;9605;7;6;2007
1717;175338.3554;20;7500;7;5;2006
1718;177548.1405;20;7500;6;5;2004
1719;175969.9166;60;10628;7;5;2004
1720;175011.482;20;10141;8;5;2004
1721;185199.3726;20;13072;7;5;2004
1722;188514.0502;20;13072;5;5;2004
1723;185080.1453;20;12450;5;5;2003
1724;157304.4026;20;7328;7;5;2008
1725;194260.8595;60;11492;7;5;1996
1726;181262.33;60;7703;6;6;1992
1727;157003.2927;120;7175;6;5;1990
1728;182924.4994;60;9109;7;5;1994
1729;181902.5864;60;10274;6;7;1986
1730;188985.3717;90;8250;6;7;1981
1731;185290.9045;20;9750;5;5;1962
1732;177304.4258;20;8499;5;6;1961
1733;166274.9005;20;9079;5;5;1961
1734;177807.4205;20;9316;5;5;1965
1735;180330.6248;20;7791;5;8;1963
1736;179069.1122;20;7150;5;6;1962
1737;175943.3718;20;15676;8;8;1980
1738;185199.0506;60;11949;7;8;1991
1739;167350.9108;160;2880;7;5;2004
1740;149315.3119;120;3830;6;5;2008
1741;139010.8478;120;4217;6;5;2008
1742;155412.1518;160;2998;6;5;2000
1743;171308.314;160;3768;7;5;1999
1744;176220.5433;20;14694;8;9;1977
1745;177643.435;20;15417;7;5;1981
1746;187222.6533;80;9600;8;5;1976
1747;185635.1321;60;12732;7;6;1974
1748;206492.5342;60;10400;6;7;1967
1749;181681.0211;20;9600;5;5;1969
1750;180500.1981;20;9000;6;5;1969
1751;206486.1709;60;13774;7;7;1977
1752;161334.3012;20;7130;5;6;1967
1753;176156.5583;20;9600;5;5;1967
1754;191642.2235;60;9600;7;5;1974
1755;191945.808;85;16500;6;5;1971
1756;164146.306;20;7436;4;7;1960
1757;179883.0571;20;8125;5;7;1959
1758;178071.1377;20;9450;4;5;1957
1759;188241.6379;20;13495;5;6;1956
1760;174559.6562;20;9350;5;6;1961
1761;182347.363;20;10500;5;5;1964
1762;191507.2519;60;8970;5;6;1965
1763;199751.8656;80;11475;6;6;1961
1764;162106.4161;20;9768;5;5;1955
1765;164575.9823;20;9900;6;5;1967
1766;179176.3522;20;10573;6;6;1961
1767;177327.4039;20;14695;6;8;1966
1768;177818.0838;20;8760;5;7;1956
1769;186965.204;20;12285;7;6;1960
1770;178762.7422;20;9240;6;8;1959
1771;183322.8661;20;8750;5;5;1956
1772;178903.2959;20;8750;5;5;1955
1773;186570.1294;20;10400;4;5;1956
1774;199144.2428;90;9482;5;4;1958
1775;172154.7133;20;8128;6;7;1954
1776;177444.0192;20;13070;5;5;1951
1777;166200.9381;30;8480;5;6;1945
1778;158995.7706;20;7626;5;8;1952
1779;168273.2825;20;9533;5;5;1953
1780;189680.4531;60;11419;7;7;1948
1781;181681.0211;20;9600;5;6;1950
1782;160277.1426;20;5470;3;5;1958
1783;197318.5472;60;10800;5;7;1939
1784;162228.9356;70;8146;4;8;1900
1785;187340.4555;30;10230;5;7;1925
1786;181065.347;50;10410;4;5;1915
1787;190233.6091;70;7200;7;9;1910
1788;157929.5949;30;5400;2;5;1940
1789;168557.0019;30;10800;5;7;1920
1790;160805.5846;30;10800;3;5;1890
1791;221648.392;90;9671;6;5;1969
1792;180539.8808;20;10143;6;7;1963
1793;182105.6163;20;11500;6;4;1967
1794;166380.8526;20;8010;6;9;1958
1795;178942.1556;20;10454;6;6;1957
1796;162804.7478;20;9000;6;6;1958
1797;183077.6844;50;8064;6;5;1950
1798;171728.472;20;7350;5;6;1958
1799;164786.7415;20;7200;5;7;1952
1800;177427.2672;80;8000;5;5;1959
1801;197318.5472;50;10800;4;7;1949
1802;178658.1142;50;8064;6;7;1948
1803;185437.3205;60;7570;6;5;1964
1804;169759.6525;90;8604;5;7;1978
1805;173986.6351;20;7936;6;6;1963
1806;168607.6643;50;4080;6;8;1935
1807;194138.5191;90;10307;6;5;1910
1808;192502.4409;50;15660;5;8;1910
1809;176746.9698;70;9900;5;8;1910
1810;177604.8917;70;6406;5;6;1939
1811;193283.7466;190;7627;4;6;1920
1812;181627.061;50;10134;5;5;1910
1813;169071.6203;50;6000;5;7;1950
1814;167398.0065;30;7404;4;6;1920
1815;150106.5051;30;5925;2;4;1940
1816;159650.3043;30;8520;5;8;1923
1817;179471.236;70;9600;4;4;1910
1818;177109.59;70;8400;6;7;1900
1819;166558.1133;70;3600;6;7;1917
1820;153796.7143;30;3300;4;3;1910
1821;174520.1526;50;5400;6;6;1920
1822;196297.9583;70;9720;6;7;1910
1823;169100.6816;30;9392;3;3;1900
1824;176911.3192;30;6615;6;6;1923
1825;169234.6455;70;4960;5;7;1930
1826;172386.2979;50;6000;5;5;1924
1827;156031.9048;30;6120;5;6;1925
1828;168202.8923;50;6120;5;6;1938
1829;166505.984;30;8635;5;5;1925
1830;176507.3702;70;8094;6;6;1915
1831;180116.7526;70;9928;7;8;1915
1832;183072.7406;90;3000;5;1;1922
1833;189595.9647;70;6876;6;5;1927
1834;167523.9191;70;5775;6;7;1915
1835;210817.7759;190;5852;7;5;1902
1836;172942.9308;50;5160;6;6;1927
1837;145286.2781;85;5160;4;6;1923
1838;176468.6534;190;10320;6;7;1915
1839;159040.0696;20;4280;4;9;1946
1840;178518.2043;90;10800;5;5;1987
1841;169163.9808;90;10547;5;5;1978
1842;189786.6853;50;9780;5;3;1934
1843;181246.7285;20;11625;5;6;1967
1844;176349.9272;85;8014;6;5;1978
1845;205266.631;80;15400;5;5;1961
1846;187397.9934;80;15312;6;5;1960
1847;208943.4277;80;15584;5;5;1956
1848;165014.5329;20;9000;2;2;1947
1849;182492.0376;20;15635;4;5;1954
1850;161718.7126;20;9571;5;5;1956
1851;180084.1189;60;9350;6;7;1946
1852;178534.9508;20;7440;5;6;1954
1853;151217.26;120;4235;5;5;1984
1854;156342.7176;80;10778;7;6;1990
1855;188511.4438;80;19255;6;5;1983
1856;183570.3379;60;10560;7;5;1993
1857;225810.1603;70;26400;5;7;1880
1858;214217.4011;90;7018;5;5;1979
1859;187665.641;90;7018;5;5;1979
1860;161157.1777;90;7040;5;5;1979
1861;187643.9926;90;7007;5;5;1979
1862;228156.3728;90;11855;7;5;2000
1863;220449.5347;90;7939;7;5;2000
1864;220522.3521;90;7976;7;5;2000
1865;156647.7635;20;10933;9;5;2009
1866;187388.8334;20;10816;9;5;2008
1867;178640.7238;20;9178;8;5;2008
1868;180847.2167;20;11422;8;5;2007
1869;159505.1705;20;6762;7;5;2007
1870;164305.538;20;10324;8;5;2008
1871;180181.1967;20;11645;8;5;2005
1872;184602.735;60;11646;6;5;2005
1873;193440.3722;60;16698;7;5;1992
1874;184199.7882;20;9757;5;7;1994
1875;196241.8929;20;14753;7;5;1998
1876;175588.6183;60;8750;6;5;1998
1877;179503.0465;20;10739;7;5;2002
1878;183658.0766;20;11166;7;5;2001
1879;193700.9763;20;16269;5;5;1978
1880;165399.6245;20;6950;5;7;1979
1881;186847.9448;20;11664;7;5;2002
1882;198127.7329;60;12334;8;5;2003
1883;183320.8981;60;8749;7;5;2002
1884;181613.6067;60;11250;7;5;2001
1885;178298.7918;20;15750;8;5;1999
1886;185733.534;20;12782;8;5;2002
1887;180008.1885;20;8750;7;5;1997
1888;175127.5962;20;10200;8;5;2007
1889;183467.1769;60;11069;6;5;2007
1890;182705.546;20;10682;4;6;1960
1891;152324.9436;180;3675;6;5;2005
1892;169878.516;20;6410;4;5;1959
1893;183735.9751;20;11767;5;5;1950
1894;224118.2801;90;10926;5;5;1959
1895;169355.2025;20;11767;5;5;1956
1896;180054.2764;50;8212;5;6;1941
1897;174081.602;50;6300;5;4;1938
1898;168494.985;70;5707;6;6;1935
1899;181871.5988;30;8574;6;8;1916
1900;173554.4897;70;7155;7;8;1918
1901;169805.3822;50;13680;5;6;1940
1902;176192.9907;20;14680;5;4;1960
1903;204264.3928;90;8145;7;6;1940
1904;169630.907;20;9100;5;6;1954
1905;185724.8388;20;13339;6;6;1960
1906;195699.0363;50;15600;5;7;1949
1907;189494.2762;20;17500;6;5;1954
1908;149607.9057;160;1733;6;6;1980
1909;154650.199;160;1488;6;6;1980
1910;151579.5581;160;1612;6;6;1980
1911;185147.3805;80;13607;6;6;1986
1912;196314.5312;20;17597;7;9;1971
1913;210802.3954;70;8660;5;6;1900
1914;166271.2864;30;10200;4;6;1925
1915;154865.3591;120;3843;8;5;2007
1916;173575.5053;30;21780;2;4;1910
1917;179399.5636;60;10125;8;5;2000
1918;164280.7766;85;9750;6;6;1977
1919;171247.4895;85;9360;6;7;1977
1920;166878.5872;20;11070;5;5;1991
1921;188129.4597;20;13438;9;5;2008
1922;183517.3437;20;14463;9;5;2008
1923;175522.0269;60;9839;6;8;1980
1924;190060.1053;80;14419;7;5;1987
1925;174179.8248;60;9157;7;5;2003
1926;171059.5237;20;12633;9;5;2007
1927;183004.1868;20;12518;5;7;1968
1928;183601.6474;20;13383;5;5;1969
1929;163539.3272;85;7689;5;8;1972
1930;164677.6764;80;7706;6;5;1993
1931;162395.0739;85;7669;5;6;1992
1932;182207.6323;60;10429;5;5;1992
1933;192223.9398;60;10457;5;7;1969
1934;176391.8294;60;8702;6;5;1997
1935;181913.1791;60;8139;6;5;1995
1936;179136.0979;60;9535;6;5;1998
1937;196595.5682;60;15038;6;5;1996
1938;194822.3657;20;14137;5;5;1996
1939;148356.6694;120;6264;8;5;1997
1940;160387.6043;120;5070;8;5;1992
1941;181276.5006;60;11184;6;5;1998
1942;192474.8179;60;14067;6;5;1991
1943;157699.9078;120;5950;8;5;1989
1944;215785.5408;60;13543;8;5;2005
1945;181824.301;20;15401;9;5;2004
1946;221813.0095;20;31220;6;2;1952
1947;165281.2926;120;8118;9;5;2007
1948;255629.4905;20;47280;6;5;1950
1949;173154.591;20;12680;7;6;1988
1950;183884.6525;20;10825;7;7;1983
1951;200210.3536;20;18559;7;5;1978
1952;186599.2213;20;14450;7;5;1979
1953;192718.5327;20;13068;6;5;1976
1954;178628.666;60;10400;7;6;1980
1955;180650.3424;60;9743;5;6;1969
1956;206003.1079;60;12511;7;7;1978
1957;166457.6784;20;10400;6;5;1976
1958;202916.2217;60;14311;8;5;1996
1959;192463.97;90;9000;5;5;1974
1960;171775.4972;20;10295;4;6;1969
1961;175249.2221;20;7560;5;5;1971
1962;147086.5989;160;1680;6;5;1973
1963;149709.6721;160;1890;6;6;1972
1964;171411.4045;160;1680;5;5;1972
1965;178188.9648;160;2308;6;6;1975
1966;156491.7114;120;2529;7;6;1977
1967;180953.2412;20;12704;8;5;2007
1968;203909.7591;20;13693;8;5;2007
1969;175470.1491;20;14418;9;5;2007
1970;205578.3336;60;13418;9;5;2006
1971;199428.8577;60;12539;10;5;2005
1972;187599.1639;60;12151;9;5;2005
1973;192265.1981;60;8899;8;5;2007
1974;196666.5549;60;10574;8;5;2004
1975;155537.8623;20;12720;10;5;2003
1976;169543.2406;20;10845;8;5;2003
1977;202487.0102;60;16900;8;5;2001
1978;208232.7163;60;16451;8;5;2003
1979;173621.1952;120;10110;9;5;2008
1980;172414.6086;120;12304;7;5;2005
1981;164400.7564;120;8232;9;5;2007
1982;160480.424;120;6240;8;5;2006
1983;156060.8538;120;6240;8;5;2006
1984;157437.1928;160;2448;7;5;2003
1985;158163.7209;120;3940;7;5;2003
1986;154849.0433;120;3940;7;5;2004
1987;152186.6093;20;3710;7;5;2007
1988;180340.2154;60;9024;6;5;2004
1989;178344.6245;60;8010;7;5;2002
1990;190170.3823;60;8396;7;5;2003
1991;168092.9755;120;7301;7;6;2007
1992;178757.9126;60;8220;7;5;2000
1993;174518.2569;60;7750;7;5;2002
1994;198168.4901;60;12460;7;5;1999
1995;176882.694;60;8390;7;5;1999
1996;183801.6729;75;9660;8;5;1997
1997;196400.0467;60;11000;9;5;2000
1998;172281.605;20;11675;8;5;1998
1999;196380.3663;60;10990;7;5;1996
2000;198228.3543;60;11929;8;7;1995
2001;195556.5813;60;10010;7;5;1993
2002;186453.2645;20;13253;7;5;2006
2003;181869.3812;60;9801;8;5;2007
2004;175610.8401;60;9428;8;5;2007
2005;183438.7308;20;10037;8;5;2006
2006;179584.4887;20;8640;8;5;2007
2007;182386.1522;20;10625;8;5;2007
2008;160750.3672;20;7500;7;5;2007
2009;182477.505;60;10110;6;5;2003
2010;187720.3592;60;12774;7;5;2003
2011;187201.9421;20;13072;6;5;2005
2012;176385.1022;20;9260;7;5;2007
2013;175901.7878;60;8453;6;5;1995
2014;182584.2802;60;8480;6;5;1993
2015;195664.6861;60;14565;7;5;1994
2016;181420.3465;60;8450;6;5;2001
2017;176676.05;60;8285;7;5;1992
2018;181594.6789;20;9100;5;5;1963
2019;178521.748;20;8100;5;8;1961
2020;175895.8837;190;8450;5;5;1968
2021;168468.0059;20;6360;5;5;1963
2022;200973.1294;20;19508;6;5;1974
2023;197030.642;50;10759;5;4;1972
2024;192867.4178;60;9205;6;5;1990
2025;196449.2476;60;11025;9;5;1993
2026;141684.1964;120;3435;7;5;2004
2027;153353.3341;160;3180;6;5;2005
2028;151143.549;160;3180;7;5;2007
2029;163753.0871;160;2280;6;5;1999
2030;158682.46;120;4765;9;5;2000
2031;144959.8353;120;4538;9;5;2001
2032;160144.3905;120;4385;9;5;2001
2033;156286.5343;120;4109;9;5;1999
2034;165726.7076;160;2160;7;5;1999
2035;182427.481;60;10646;7;5;2001
2036;173310.5615;160;2645;8;5;1999
2037;173310.5615;160;2645;8;5;1999
2038;151556.014;160;3951;10;5;1998
2039;158908.1461;120;11064;8;5;1995
2040;209834.3831;60;24572;9;3;1977
2041;192410.5166;20;16280;8;9;1976
2042;174026.2473;60;7500;7;5;2002
2043;195499.8301;80;11104;6;6;1969
2044;200918.0188;20;11050;6;5;1968
2045;207243.616;20;15387;7;7;1967
2046;196149.7839;90;9750;5;6;1965
2047;192097.9149;60;8814;5;6;1968
2048;178570.9489;20;8125;5;7;1965
2049;228617.9683;90;11072;5;5;1965
2050;199929.8844;60;13355;7;6;1971
2051;160206.3656;20;7785;5;5;1956
2052;179854.4319;20;9900;5;5;1961
2053;185987.3405;20;11332;5;7;1960
2054;161122.5056;70;4882;4;7;1937
2055;175949.3427;20;9600;5;6;1960
2056;183683.5906;20;9600;5;8;1950
2057;176401.3476;20;7584;5;5;1953
2058;205832.5325;60;14670;6;7;1966
2059;177799.7998;20;8856;5;4;1957
2060;167565.3621;20;9840;5;7;1959
2061;186348.9584;20;13200;6;6;1958
2062;179782.7595;20;10425;5;5;1956
2063;169837.6233;20;11556;5;6;1952
2064;178817.2757;20;9373;5;6;1953
2065;174444.4791;20;12774;5;5;1953
2066;192834.9689;20;14250;6;5;1957
2067;196564.718;20;8838;5;3;1957
2068;206977.567;90;12436;5;5;1957
2069;157054.2539;20;10122;4;6;1948
2070;175142.9481;50;7506;5;8;1925
2071;159932.1644;30;5400;4;7;1940
2072;182801.4083;50;10836;5;5;1922
2073;181510.3752;20;10180;5;6;1968
2074;181613.0351;20;11355;7;7;1958
2075;186920.5126;20;12929;6;6;1960
2076;157950.1706;20;7200;5;7;1951
2077;176115.159;20;8000;5;6;1959
2078;182744.5143;20;8000;5;5;1962
2079;180660.6837;50;8064;6;6;1948
2080;160775.6298;45;6390;6;7;1954
2081;186711.7158;50;7200;6;5;1954
2082;223581.7582;90;8513;5;5;1961
2083;172330.9432;50;7200;5;6;1955
2084;163474.6334;20;7200;5;7;1954
2085;175308.2633;20;7590;5;5;1963
2086;187462.7253;20;9836;6;5;2008
2087;180655.1015;50;9184;5;7;1948
2088;152121.986;70;4800;5;5;1910
2089;159856.2339;30;4800;5;4;1940
2090;186559.8549;75;6000;6;7;1915
2091;183962.551;190;11426;4;6;1910
2092;162107.1687;50;7628;4;6;1940
2093;162582.289;50;7308;5;5;1920
2094;154407.7016;30;5400;7;6;1920
2095;181625.6664;190;10800;6;6;1940
2096;164810.6095;30;6756;5;6;1910
2097;176429.4012;50;5914;5;9;1890
2098;179188.0899;50;9000;5;6;1946
2099;145997.6354;20;7311;2;5;1946
2100;218676.7683;20;12205;3;1;1949
2101;188323.8612;190;9142;5;5;1900
2102;168690.0723;75;5350;7;8;1920
2103;165088.7468;50;9143;5;7;1900
2104;191435.0079;190;9600;5;5;1920
2105;168864.4047;70;6000;5;9;1905
2106;176041.8824;70;11340;2;1;1920
2107;215911.6744;70;10800;7;7;1890
2108;167388.2386;20;9750;5;6;1959
2109;163854.7868;20;8516;4;6;1958
2110;163299.478;30;7111;5;7;1928
2111;178298.2146;50;7425;7;7;1945
2112;176376.5862;50;7010;5;5;1935
2113;170211.044;50;5000;5;7;1941
2114;170818.3448;70;5870;6;9;1900
2115;174388.8674;50;6000;6;7;1940
2116;161112.9874;30;6000;5;7;1924
2117;172179.0823;50;6000;6;7;1937
2118;157798.3097;50;6000;6;5;1939
2119;169106.1514;45;5000;6;7;1926
2120;170129.5314;50;5520;5;7;1920
2121;157680.2274;20;5940;4;7;1946
2122;162690.2091;50;6240;4;7;1929
2123;146968.3794;30;6120;5;6;1945
2124;181507.7214;50;6240;7;5;1939
2125;191215.5898;70;6120;5;5;1923
2126;189432.6898;50;9144;6;4;1915
2127;207271.485;60;8094;6;8;1910
2128;170030.8075;50;4347;6;8;1910
2129;148409.8065;30;6291;6;6;1930
2130;193850.614;70;10266;6;6;1952
2131;193808.3193;50;6876;6;6;1938
2132;166300.2354;50;10320;5;6;1915
2133;163474.6334;30;7200;6;7;1925
2134;177473.6066;50;7006;6;6;1925
2135;157443.9255;30;10320;5;8;1912
2136;180681.008;190;10320;3;3;1915
2137;183463.1703;20;9488;5;6;1947
2138;182481.7631;85;11235;5;6;1963
2139;193717.1512;80;13014;6;5;1978
2140;182782.551;20;10265;5;7;1967
2141;175530.6516;85;7703;6;8;1978
2142;177804.0579;20;9981;5;5;1967
2143;159448.6708;85;7400;5;5;1984
2144;181338.9767;190;12900;5;4;1920
2145;178553.5585;20;9239;5;8;1963
2146;162820.9283;20;14175;6;8;1956
2147;188832.48;190;10532;5;3;1960
2148;164682.1859;50;8375;5;7;1941
2149;181549.7359;80;10200;5;8;1970
2150;199158.097;20;20270;7;6;1979
2151;152889.521;50;5190;7;5;1948
2152;181150.5517;30;19550;5;7;1940
2153;181416.7324;20;9571;5;6;1956
2154;164391.2382;90;9350;5;5;1975
2155;185421.0465;60;9360;6;8;1962
2156;193981.3276;60;9771;6;5;1995
2157;178824.3248;20;9938;7;5;1994
2158;209270.0516;60;14171;7;5;1993
2159;177801.2668;80;10541;7;5;1996
2160;179053.7622;60;10616;7;5;2007
2161;178762.1706;20;9345;8;5;2007
2162;184655.3005;20;11778;9;5;2008
2163;191284.6558;20;11778;9;5;2008
2164;179598.0858;80;11454;8;5;1995
2165;167517.6281;20;11500;6;6;1966
2166;182873.9038;20;9750;5;7;1994
2167;177484.9137;20;8696;7;5;1997
2168;188444.5973;60;13142;6;5;1997
2169;179184.1538;60;8998;7;5;2000
2170;184365.1758;60;12192;7;5;2000
2171;184479.322;20;12250;5;6;1978
2172;182927.8639;20;9216;5;6;1975
2173;178611.6394;20;14330;5;6;1975
2174;181943.3436;60;10400;7;5;2001
2175;175080.6148;60;9720;9;5;2001
2176;190720.7946;20;14860;8;5;2002
2177;198422.8681;60;10905;7;5;2003
2178;184482.1131;60;11690;8;5;1999
2179;139214.9522;120;4426;6;5;2004
2180;169233.1136;90;10126;6;5;1997
2181;180664.1187;20;9750;7;5;2004
2182;178818.7426;20;11058;7;6;2007
2183;180422.05;20;9627;7;5;2007
2184;178601.9365;20;9825;5;5;1966
2185;183083.1598;85;12102;5;5;1976
2186;173163.1015;20;6500;6;6;1976
2187;185968.1612;80;9638;6;6;1977
2188;171226.0507;60;7200;6;7;1976
2189;281643.9761;20;47007;5;7;1959
2190;160031.7113;90;6012;4;5;1955
2191;162775.9798;90;6845;4;5;1955
2192;160735.446;190;6931;4;5;1955
2193;166646.109;50;12180;5;7;1938
2194;188384.5484;50;8050;5;8;1947
2195;165830.6973;20;9520;4;5;1953
2196;182138.3585;80;7692;4;6;1954
2197;171595.398;30;5142;4;7;1923
2198;160337.0792;30;7290;7;8;1921
2199;191215.0887;90;7804;6;7;1930
2200;166956.0932;70;8969;6;6;1926
2201;186581.8309;50;15564;6;6;1914
2202;176450.5486;70;7609;8;9;1925
2203;193743.1949;70;9650;6;3;1923
2204;198882.5661;50;11700;5;6;1937
2205;176385.1022;50;9260;5;4;1938
2206;162447.6393;20;7801;6;5;1951
2207;193782.5557;70;9670;8;6;1935
2208;183653.8909;50;12392;7;9;1950
2209;210578.6235;20;26073;5;5;1956
2210;158527.1641;160;1879;6;6;1980
2211;163081.0257;30;7000;6;8;1926
2212;174388.8674;50;6000;6;8;1940
2213;191905.8701;50;8155;5;7;1930
2214;174388.8674;80;6000;5;5;1967
2215;161642.7116;30;7392;5;7;1930
2216;186939.5072;50;9000;5;5;1958
2217;172482.1658;20;14584;1;5;1952
2218;159695.9998;70;5280;4;7;1895
2219;157230.3697;50;5150;4;7;1910
2220;179188.0899;70;9000;4;6;1920
2221;157972.8212;120;3843;8;5;2007
2222;156804.9514;120;3811;7;5;2004
2223;211491.9725;20;23730;7;5;1996
2224;186537.2462;60;11050;7;5;1996
2225;200468.1611;90;10260;5;4;1976
2226;182241.3404;20;9990;4;5;1991
2227;157342.2259;120;4084;7;6;1986
2228;182022.3871;20;11563;8;5;2006
2229;181244.5109;60;12852;8;5;2007
2230;178556.6716;80;9802;5;5;2006
2231;189547.1999;60;12018;7;5;2008
2232;187948.6517;20;12890;6;5;1989
2233;194107.2876;20;18265;6;5;1986
2234;183521.7104;20;11202;8;5;2003
2235;183682.1236;20;7915;6;5;1999
2236;178483.3531;20;11449;8;5;2007
2237;184003.8798;20;11447;8;5;2005
2238;171318.5903;90;8940;7;5;1997
2239;162039.7543;20;9278;5;5;2007
2240;154846.2522;120;4500;6;5;1997
2241;194822.3657;85;14137;4;5;1964
2242;169788.7388;120;4224;5;6;1975
2243;178891.5545;160;2665;5;7;1976
2244;152084.7724;180;1974;4;7;1973
2245;139169.8664;180;1596;4;6;1973
2246;192439.536;20;17979;5;6;1968
2247;161067.8598;160;1477;6;9;1970
2248;158762.6485;20;6490;5;7;1983
2249;175569.6904;20;6600;5;6;1982
2250;183659.795;20;12395;5;6;1984
2251;280618.1326;70;56600;5;1;1900
2252;180051.8092;20;10667;6;6;1971
2253;176519.1803;80;8872;6;5;1997
2254;179028.4292;80;10147;6;5;1994
2255;177161.5839;60;8637;6;5;1999
2256;180081.5088;60;7875;7;5;1996
2257;205895.2546;60;7500;6;5;1999
2258;183389.7813;20;9556;7;5;1992
2259;178543.6479;60;7655;6;5;1993
2260;194798.3205;20;18160;6;6;1964
2261;162845.6137;120;4740;8;5;1988
2262;148103.867;120;5118;8;5;1990
2263;201016.1711;60;12328;8;5;2005
2264;277936.1269;20;51974;9;5;2006
2265;249768.2798;190;41600;5;5;1969
2266;161596.0522;120;8035;9;5;2006
2267;158011.1149;20;14082;8;5;2006
2268;194089.6839;20;13870;10;5;2006
2269;181733.3369;20;10960;6;5;1984
2270;182852.3277;60;12090;7;7;1981
2271;189893.0031;20;12299;7;6;1978
2272;194650.211;60;11339;7;5;1979
2273;187904.4613;20;11850;6;6;1984
2274;171774.9256;20;10400;6;5;1979
2275;177998.6859;20;13001;6;5;1971
2276;175648.4843;80;8991;7;6;1976
2277;196918.0714;60;8000;6;6;1974
2278;184299.8381;20;9457;5;6;1970
2279;182379.8557;20;7920;5;5;1970
2280;184050.7258;20;17199;4;7;1961
2281;158296.976;120;4113;6;5;2001
2282;175053.3556;120;10943;6;5;1997
2283;162293.3761;160;2205;6;6;1973
2284;186328.88;160;2058;6;5;1973
2285;151422.1169;120;2304;7;7;1978
2286;181969.3587;20;7150;5;6;1966
2287;189122.677;20;12469;9;5;2006
2288;185645.4752;20;11825;8;5;2006
2289;182829.8981;20;14333;8;5;2007
2290;195848.7882;60;13641;9;5;2007
2291;198785.0596;60;13440;8;5;2006
2292;181676.1266;20;15431;10;5;2005
2293;194131.0127;20;13891;9;5;2007
2294;201416.0049;60;13654;9;5;2005
2295;185096.5772;20;17169;10;5;2007
2296;195158.9726;60;16659;8;5;2007
2297;184795.7837;60;9709;8;5;2007
2298;189168.2639;20;13615;9;5;2006
2299;216855.2601;60;13069;8;5;2004
2300;184946.6425;60;14277;8;5;2003
2301;189317.5128;60;12568;8;5;2007
2302;180803.2778;20;9926;7;5;2005
2303;175061.1859;20;9254;8;5;2005
2304;179074.8391;60;10732;8;5;2006
2305;145708.7643;120;3901;6;5;2005
2306;142398.0228;120;3903;6;5;2005
2307;161474.5349;120;6289;6;5;2005
2308;157025.9452;120;4590;8;5;2006
2309;163424.0378;120;7841;9;5;2005
2310;164692.7786;120;6240;8;5;2006
2311;152163.2444;120;3242;7;5;2003
2312;192383.2155;60;15810;6;5;2007
2313;182520.2303;60;10237;6;5;2005
2314;187254.5075;60;13204;7;5;2006
2315;176489.6597;60;8857;6;5;2006
2316;181520.4668;60;9729;6;5;2006
2317;186414.9782;20;12216;6;5;2005
2318;185197.7646;60;8229;6;5;2007
2319;178657.7941;60;7713;7;5;2007
2320;179731.198;20;7697;7;6;2007
2321;161748.2713;120;3621;8;5;2003
2322;158608.7491;20;3710;7;5;2007
2323;178807.3706;80;16219;7;5;2004
2324;184187.1588;80;11084;7;5;2004
2325;181686.104;20;10936;7;5;2006
2326;190311.0502;80;11950;7;5;2003
2327;192252.4964;60;7875;7;5;2003
2328;193954.8495;60;8740;7;5;2002
2329;181044.2016;60;9487;6;5;2000
2330;180258.1312;60;9649;6;5;1999
2331;199641.6573;60;12191;8;5;1997
2332;197530.7752;60;10557;9;5;1998
2333;191777.1969;60;11002;8;5;1998
2334;195779.543;60;10790;7;5;1998
2335;202112.0465;60;11762;8;5;1992
2336;192343.3481;60;9044;8;5;1996
2337;185191.3594;20;9910;7;6;2007
2338;186760.208;20;11830;8;5;2007
2339;177733.7819;20;10612;8;5;2006
2340;164430.3912;20;12291;10;5;2007
2341;185299.6016;20;9965;7;5;2007
2342;186414.0123;20;8847;8;5;2005
2343;176401.9211;20;8251;7;5;2005
2344;182381.3226;60;9605;7;5;2006
2345;176334.1847;60;8778;8;5;2006
2346;184901.7358;20;8640;8;5;2007
2347;180085.7669;20;9000;7;5;2006
2348;184901.7358;60;8640;8;5;2007
2349;183967.5615;60;10411;5;5;2007
2350;193046.3016;60;12217;8;5;2007
2351;168538.9695;20;10440;8;5;2007
2352;170157.842;20;11824;8;5;2006
2353;196559.7093;60;10625;6;5;2004
2354;177133.7094;20;7500;6;5;2006
2355;181553.2796;20;7500;7;5;2006
2356;185770.6066;20;12450;5;5;2003
2357;177017.5951;20;7441;7;5;2006
2358;184123.3585;60;11613;6;5;1993
2359;165970.3575;160;8012;6;5;1980
2360;158151.985;20;6285;5;5;1977
2361;177086.4764;20;7476;5;7;1968
2362;196373.8962;60;19522;7;5;1990
2363;172465.7071;20;10751;5;5;1974
2364;168590.7824;20;12712;6;7;1973
2365;158820.4742;120;4379;8;5;2004
2366;151611.3706;120;3523;8;5;2006
2367;152125.0286;120;3784;8;5;2006
2368;158404.0731;120;3606;7;5;2006
2369;160692.0786;120;5330;8;5;2006
2370;170175.2268;160;2280;6;5;1999
2371;169854.4366;160;2117;6;5;2000
2372;183410.7858;20;7321;7;5;1999
2373;180347.194;60;8010;8;5;2003
2374;178930.5284;60;8413;8;5;1998
2375;153346.2201;120;9466;8;5;1994
2376;182675.2043;20;12000;7;6;1980
2377;180770.6498;20;17778;8;5;1981
2378;188714.1481;20;11700;6;6;1968
2379;191393.6086;60;8000;6;6;1970
2380;174016.1575;85;8723;6;6;1969
2381;183189.6853;20;11700;6;5;1968
2382;183621.5088;20;11358;7;7;1972
2383;168991.2964;20;9547;7;6;1993
2384;185306.6507;60;10530;7;6;1993
2385;189030.6803;20;10738;6;7;1966
2386;179208.6657;20;10800;6;5;1963
2387;174901.4528;20;8050;5;6;1967
2388;168337.4065;90;10899;4;5;1964
2389;158234.9646;20;7450;5;5;1956
2390;179562.4534;20;14357;5;5;1961
2391;174176.3916;20;8243;5;7;1961
2392;173931.5318;20;8680;5;7;1960
2393;184111.7294;20;8800;7;6;1966
2394;179374.482;80;9200;6;5;1965
2395;207348.8119;60;8800;6;7;1964
2396;186983.4193;20;11382;6;5;1964
2397;206779.094;20;22002;6;7;1959
2398;177472.0747;45;12172;5;7;1940
2399;156727.9483;20;5000;3;3;1946
2400;157090.5685;50;3500;3;5;1945
2401;160387.0327;20;5175;5;8;1958
2402;172410.2801;20;9600;5;6;1955
2403;191603.3657;90;8668;5;5;1968
2404;182152.2072;85;10050;5;6;1966
2405;180161.6973;80;9600;6;5;1961
2406;169652.2353;20;8760;6;7;1957
2407;182503.5201;20;6860;5;6;1956
2408;179714.6307;20;8250;5;7;1963
2409;180282.5707;20;9100;5;5;1960
2410;192600.3381;20;9736;6;6;1957
2411;166115.4912;20;9770;5;5;1957
2412;186379.5535;20;12198;5;6;1955
2413;184361.9923;20;10050;5;5;1955
2414;186220.9655;20;11556;5;9;1953
2415;198176.4709;90;8078;5;5;1958
2416;168437.7765;20;10950;6;6;1952
2417;178003.5823;20;7942;6;7;1953
2418;179180.4692;20;8540;5;8;1956
2419;191930.5611;50;7150;4;4;1955
2420;175590.2662;20;8400;5;5;1955
2421;176713.1931;20;9532;4;6;1953
2422;180159.0909;20;15783;5;5;1952
2423;188090.1008;50;14190;4;7;1890
2424;186184.7177;50;12099;5;6;1953
2425;223055.5887;70;21281;5;4;1935
2426;158270.7531;50;10284;4;7;1925
2427;184733.1285;70;10800;5;9;1895
2428;199926.379;80;10090;7;5;1963
2429;175075.7852;20;8700;5;7;1961
2430;180917.9251;20;8300;6;6;1968
2431;182067.7606;20;7200;5;3;1950
2432;178238.6019;20;7500;5;7;1959
2433;173454.9446;20;7315;5;6;1958
2434;176821.9363;20;7903;5;5;1960
2435;183642.1913;20;8000;5;5;1960
2436;177254.5827;20;7000;5;6;1961
2437;168715.9501;20;6600;5;5;1962
2438;180096.9312;85;6760;5;5;1962
2439;160620.7282;30;6978;5;7;1926
2440;175286.5444;50;6000;6;6;1927
2441;153494.7833;30;4480;5;5;1922
2442;156407.6592;30;3153;5;6;1920
2443;162162.5252;30;7200;5;8;1940
2444;166809.8868;50;9000;5;8;1900
2445;172929.1564;50;5925;4;6;1900
2446;193514.3309;70;9639;4;8;1900
2447;181612.1416;70;10337;8;9;1910
2448;191745.3864;70;9863;6;6;1927
2449;171369.325;70;4571;5;7;1910
2450;184425.4706;50;8398;6;8;1910
2451;170563.2524;70;3600;5;7;1930
2452;184522.3692;75;13500;7;8;1879
2453;164968.9479;20;8626;4;6;1956
2454;157939.6216;80;11800;4;7;1949
2455;151520.3816;40;6854;5;7;1925
2456;176129.5087;50;8674;5;6;1950
2457;171112.979;50;6125;5;7;1939
2458;169762.0816;70;6000;6;6;1939
2459;162246.8289;45;6120;5;7;1939
2460;171339.3034;50;6240;6;5;1938
2461;189034.7537;50;6240;5;8;1939
2462;175758.8736;50;6240;5;7;1930
2463;163351.7215;50;6120;5;6;1926
2464;189806.5466;70;7755;6;8;1918
2465;175370.9909;50;8850;6;7;1920
2466;196895.5999;50;8550;5;5;1926
2467;176905.918;70;5700;7;6;1929
2468;176866.5572;45;5680;5;4;1901
2469;163590.6772;50;5680;5;3;1901
2470;212693.503;80;13200;6;6;1963
2471;192686.9317;60;9780;7;9;1950
2472;181578.685;50;10320;6;5;1915
2473;166475.4576;190;4330;4;6;1958
2474;185998.2552;50;10320;4;1;1910
2475;185527.7149;70;12888;7;8;1937
2476;159027.1182;190;4484;5;6;1942
2477;181169.6549;190;11235;5;5;1963
2478;176732.9153;85;11235;5;5;1964
2479;191619.2946;20;14299;4;3;1964
2480;189114.3038;80;14149;5;8;1964
2481;180934.6353;20;11677;5;4;1966
2482;164573.3722;190;8425;5;6;1971
2483;173902.0113;20;8665;5;5;1968
2484;165625.1277;20;8398;5;5;1967
2485;179555.2196;20;8169;5;7;1966
2486;196899.7207;20;14175;5;5;1956
2487;207566.1247;60;16779;5;4;1920
2488;163899.9811;50;6960;7;8;1940
2489;189179.4282;20;11375;6;5;1954
2490;193892.88;20;13770;5;6;1958
2491;178980.8743;20;9000;4;7;1945
2492;179749.8762;20;11075;6;5;1984
2493;197999.675;20;17541;5;7;1948
2494;203717.4703;20;22692;5;5;1953
2495;185249.2612;20;17808;4;5;1946
2496;201691.2083;20;12671;6;7;1954
2497;181956.5483;50;10512;6;6;1954
2498;171895.9363;20;5400;5;5;1958
2499;187245.1684;30;11515;4;5;1958
2500;157816.7746;120;3869;5;6;1984
2501;191702.9126;20;9280;5;6;1951
2502;198599.42;50;11100;5;6;1951
2503;187193.3137;50;7550;4;5;1920
2504;220514.994;50;23920;6;5;1984
2505;181814.5276;60;9317;7;5;1994
2506;183750.7554;20;9178;8;5;2007
2507;183000.4317;20;10481;8;5;2006
2508;185830.9719;20;10235;8;5;2007
2509;185497.8723;20;11750;7;5;2005
2510;179613.4377;20;8760;8;5;2006
2511;164454.968;20;7242;7;5;2005
2512;185127.2372;60;9316;7;5;2005
2513;178750.6138;60;8883;7;5;1988
2514;160927.6104;20;20064;8;6;1976
2515;192562.8081;20;14217;5;5;1994
2516;180990.2415;60;10021;6;6;1997
2517;180064.9415;20;8428;5;7;1994
2518;196070.9974;20;16561;5;5;1996
2519;180352.919;60;10820;7;5;1999
2520;183367.9538;60;12352;7;5;1998
2521;176734.8415;60;9543;7;5;2001
2522;180848.2208;60;8826;7;5;2000
2523;187806.0594;20;11800;5;5;1974
2524;180521.5264;80;8660;5;5;1976
2525;181502.7545;80;9720;5;7;1977
2526;174525.8794;20;8982;5;5;1977
2527;188927.9841;20;16300;5;4;1977
2528;184728.8704;20;9675;5;6;1975
2529;179857.9755;20;7200;5;5;1972
2530;180962.8681;20;7200;4;8;1972
2531;179194.0664;20;11354;7;5;2000
2532;179591.7893;60;8749;7;5;2003
2533;180638.4637;60;8158;7;5;2002
2534;185846.2151;20;11927;8;5;1994
2535;195174.0311;60;12728;8;5;2001
2536;192474.5683;60;15295;7;5;1996
2537;164200.5955;20;17227;8;5;1999
2538;178403.0941;60;8145;7;5;2007
2539;170774.8402;20;8769;7;5;2005
2540;179879.9459;20;8334;6;5;2006
2541;177668.1928;60;8333;7;5;2006
2542;180174.3286;60;9045;5;5;2005
2543;170643.3036;85;9825;5;5;1967
2544;165448.0043;20;8308;4;6;1963
2545;195531.7549;50;16287;5;6;1925
2546;165314.1777;20;8240;6;6;1960
2547;172532.7577;80;6285;6;6;1976
2548;203310.2181;90;9555;5;6;1979
2549;175090.0625;60;7023;5;5;2005
2550;230841.3386;20;39290;10;5;2008
2551;155225.1901;180;3675;6;5;2005
2552;168322.3424;20;6400;5;7;1959
2553;165956.2593;90;6882;4;3;1955
2554;193956.8176;90;8741;5;6;1946
2555;171070.3679;40;10042;6;8;1920
2556;166285.2436;20;8172;4;5;1955
2557;182875.8013;20;8172;4;5;1955
2558;218108.5368;90;10890;5;6;1923
2559;174378.7776;30;7223;5;5;1926
2560;164731.3164;50;6821;6;7;1921
2561;156969.6951;70;4000;7;8;1930
2562;173388.8543;70;6720;6;7;1921
2563;177559.6287;70;7155;6;8;1926
2564;194297.7893;70;7230;7;7;1927
2565;174894.5884;20;13108;5;5;1951
2566;196544.1441;50;7810;4;6;1930
2567;179036.1585;190;6221;5;5;1941
2568;211423.9865;20;25485;6;4;1960
2569;208156.3989;20;21579;6;6;1968
2570;159233.9413;160;1782;6;6;1980
2571;210820.1151;20;17871;4;5;1995
2572;140196.1098;120;3907;8;5;1988
2573;198678.4691;20;20693;7;5;1971
2574;186818.6108;20;18044;8;5;1986
2575;175044.7976;50;7000;6;7;1940
2576;180031.1629;50;7288;5;7;1925
2577;176889.1715;70;9060;5;6;1923
2578;159638.8562;30;3672;5;7;1922
2579;154287.2644;50;11067;2;4;1939
2580;191885.6182;190;8250;5;6;1895
2581;177503.3786;20;6565;4;6;1957
2582;166548.3168;30;6060;5;9;1930
2583;164475.1494;120;5568;8;5;2006
2584;167484.7449;85;12150;6;6;1979
2585;188683.1606;20;10000;5;5;2002
2586;162243.3995;20;12864;7;5;2002
2587;180807.2139;20;9928;7;5;1991
2588;176279.0796;80;8750;7;6;1975
2589;163438.9591;85;8410;6;6;1974
2590;161495.5394;120;4054;7;6;1987
2591;216032.3037;20;19958;6;8;1958
2592;176632.1815;20;8368;7;5;2006
2593;168743.0016;20;8298;8;5;2006
2594;183810.1185;20;10331;7;7;1985
2595;156794.3605;20;6718;8;5;2001
2596;169136.4301;20;11305;8;5;2002
2597;183203.3188;20;7777;6;5;1996
2598;213252.9269;60;11800;7;5;2003
2599;190550.3279;20;12633;10;5;2006
2600;234707.2099;20;43500;3;5;1953
2601;135751.3189;120;6710;6;5;1996
2602;164228.4589;160;1504;4;4;1972
2603;153219.437;180;1533;4;5;1970
2604;164210.7465;160;1495;4;6;1970
2605;163883.2291;160;1890;4;3;1976
2606;154892.7763;85;9129;5;5;1977
2607;197092.0873;80;15957;6;6;1977
2608;228148.3764;20;33983;5;6;1977
2609;178680.5875;60;8286;5;7;1977
2610;165643.3412;85;6723;5;7;1971
2611;222406.6427;20;27697;4;3;1961
2612;184021.8436;20;11000;5;6;1976
2613;170871.0949;20;11625;5;7;1983
2614;189562.8737;20;10447;5;6;1984
2615;170591.885;20;11027;6;5;1954
2616;172934.3517;20;10533;6;6;1956
2617;186425.0699;20;11765;5;5;1957
2618;218648.1311;20;39384;6;6;1957
2619;183035.6068;20;11727;7;6;1969
2620;178378.9061;60;8238;6;5;1997
2621;184516.7166;60;13041;6;5;1995
2622;181419.5253;60;9783;6;5;1996
2623;196858.9234;60;13128;8;5;2005
2624;189228.7015;60;13751;7;5;2005
2625;208973.3808;160;13108;8;5;1994
2626;180269.869;20;8076;6;6;1993
2627;159488.7137;120;3701;8;5;1987
2628;191490.2995;60;16023;9;5;2005
2629;228684.2451;60;18062;10;5;2006
2630;201842.9987;60;12292;9;5;2006
2631;209242.8229;60;16052;10;5;2006
2632;202357.6226;60;15922;9;5;2005
2633;168238.6122;120;8147;9;5;2005
2634;202524.1247;20;18261;9;5;2005
2635;170588.7719;85;10464;6;6;1980
2636;198375.3151;60;10530;7;5;1978
2637;170636.8279;85;9927;7;5;1976
2638;181991.0795;60;9512;7;5;2005
2639;183994.5425;80;10530;6;6;1975
2640;182951.4822;20;10000;6;6;1974
2641;174126.2972;20;7200;4;4;1971
2642;170575.4967;120;8773;6;5;2002
2643;175332.2399;160;2760;6;5;1973
2644;167522.0615;160;2160;5;6;1973
2645;168095.5837;160;1890;6;7;1972
2646;154406.4156;160;1680;6;5;1972
2647;170996.9733;160;1680;6;5;1972
2648;159056.8902;120;4043;6;5;1975
2649;181373.6165;20;7514;5;7;1967
2650;152272.561;120;2280;7;7;1976
2651;168664.3468;160;2179;6;5;1976
2652;211007.0083;60;16387;9;5;2006
2653;182909.515;20;16163;8;5;2004
2654;203926.8294;20;12228;7;5;2006
2655;179082.8254;20;14780;9;5;2005
2656;206260.0998;60;13975;9;5;2005
2657;181732.4434;60;9942;9;5;2005
2658;189698.7407;60;12867;8;5;2005
2659;203074.3468;60;10672;8;5;2006
2660;201670.6344;60;11643;8;5;2005
2661;173756.8126;20;13758;9;5;2005
2662;181387.0764;20;14828;9;5;2004
2663;184859.1553;60;13215;8;5;2004
2664;158313.6157;120;5911;9;5;2005
2665;151951.9554;20;7740;9;5;2006
2666;162537.527;120;6373;9;5;2006
2667;178998.3371;60;10237;6;5;2005
2668;186732.5849;60;10237;7;5;2006
2669;187323.3184;20;11660;6;5;2006
2670;199437.2328;60;11631;8;5;2004
2671;185546.6809;60;9073;7;5;2006
2672;161595.0158;120;3087;7;5;2006
2673;154672.4228;120;2938;7;5;2002
2674;159355.7101;120;3072;7;5;2004
2675;155919.0141;120;3010;7;5;2005
2676;182424.871;60;9171;7;5;2004
2677;178100.5896;60;8658;6;5;2000
2678;202577.9;60;12104;7;5;2006
2679;177862.7789;60;9660;8;5;1998
2680;182056.0247;60;9545;8;5;2000
2681;191403.1992;60;9233;9;5;2000
2682;196264.755;60;10019;8;5;1995
2683;209375.0034;60;17242;9;5;1993
2684;196691.8193;60;10236;8;5;1994
2685;192458.4315;60;12585;8;5;1993
2686;182242.8093;60;12447;8;5;2005
2687;183259.5039;20;15218;8;5;2006
2688;188108.2437;20;10936;8;5;2006
2689;171418.6402;20;8640;8;5;2006
2690;194698.8822;60;13162;9;5;2006
2691;174841.8401;60;8125;6;5;2005
2692;172965.4765;20;7733;6;5;2005
2693;189386.3237;20;11024;7;5;2005
2694;185682.6183;20;13072;6;5;2005
2695;176412.0127;60;7800;7;5;2005
2696;174976.4897;60;7632;7;5;2005
2697;180718.5817;60;8304;6;5;1997
2698;186131.1882;60;9370;6;5;1992
2699;165220.7864;120;7175;6;5;1990
2700;164115.8938;120;7175;6;5;1991
2701;182125.7291;60;9019;6;5;1994
2702;182285.1402;20;9100;5;4;1962
2703;196325.4422;90;8927;6;6;1977
2704;164865.2153;20;9240;5;6;1962
2705;182694.4922;20;9308;5;5;1965
2706;185425.4855;20;8450;5;6;1968
2707;171414.7041;20;8638;5;6;1963
2708;183433.4725;20;13052;5;6;1965
2709;176844.9812;20;8020;5;6;1964
2710;180568.1878;20;8789;5;6;1967
2711;185948.6255;80;14330;7;4;1974
2712;189388.2917;60;11025;8;5;1992
2713;142754.4892;120;3628;7;5;2004
2714;156106.8008;160;2544;7;5;2005
2715;155895.3976;160;2998;6;5;2000
2716;159851.9777;160;4447;7;5;2003
2717;185157.8323;60;8314;7;5;1997
2718;180716.2917;20;7180;8;5;2001
2719;176901.094;190;13110;5;6;1972
2720;181017.2225;20;10140;7;6;1967
2721;183269.1594;20;9600;5;5;1968
2722;193550.8301;60;8640;5;5;1968
2723;170625.8427;20;9360;6;7;1968
2724;182012.4059;85;8400;5;6;1968
2725;179162.5073;20;9759;5;5;1966
2726;183269.1594;80;9600;5;7;1967
2727;180589.8362;190;8800;6;7;1965
2728;181465.9352;20;10368;6;6;1964
2729;196053.0299;60;9350;5;6;1964
2730;183421.0203;20;10800;5;7;1960
2731;167926.8391;30;8550;6;8;1934
2732;168027.531;20;9724;5;7;1947
2733;182164.2669;20;9600;5;6;1961
2734;172469.0716;20;10858;5;6;1952
2735;181059.3743;20;9600;5;5;1951
2736;182997.5701;60;9462;5;6;1949
2737;166140.5042;20;9888;5;6;1954
2738;198515.5469;90;8917;5;5;1967
2739;193789.6485;80;12700;6;5;1964
2740;173550.0257;20;9723;6;7;1963
2741;176487.9432;20;8400;5;5;1957
2742;188813.3026;20;9610;6;6;1958
2743;178531.912;80;10000;5;6;1956
2744;182145.7315;20;10152;6;6;1956
2745;179196.465;20;8092;6;8;1954
2746;169618.3499;20;12778;5;6;1952
2747;170010.1687;20;10170;6;6;1951
2748;181739.6717;80;7700;5;7;1956
2749;172846.935;20;11050;5;5;1956
2750;195560.883;20;13600;5;6;1955
2751;180358.1143;20;15428;5;6;1951
2752;211817.7028;30;21299;7;5;1941
2753;176170.1287;20;13300;5;5;1956
2754;234492.2483;190;22136;5;5;1925
2755;182450.9565;50;7500;6;6;1947
2756;174902.0681;30;10410;3;8;1930
2757;173684.1743;30;10914;3;3;1929
2758;147196.6737;50;7008;4;8;1900
2759;175231.1897;70;7200;6;8;1915
2760;193417.6474;50;10818;4;4;1910
2761;183313.6012;80;10184;6;5;1963
2762;180882.2508;20;9510;6;5;1962
2763;186735.698;20;10800;6;6;1961
2764;172922.8654;20;11650;7;5;1959
2765;202551.6772;60;18275;7;8;1962
2766;190485.6341;50;12144;4;6;1950
2767;173439.4936;90;8544;3;4;1950
2768;196613.5988;90;8512;5;5;1960
2769;178152.2597;20;7000;5;4;1961
2770;174519.9048;20;7400;7;6;1962
2771;172627.7969;20;7000;5;6;1962
2772;173732.6895;190;7000;5;5;1962
2773;209219.8448;70;9856;5;8;1900
2774;181059.3743;50;9600;5;6;1948
2775;188515.443;50;5520;4;6;1920
2776;182164.2669;50;9600;6;8;1900
2777;188137.9016;70;6451;7;7;1900
2778;158893.5431;70;3960;7;8;1930
2779;189579.6507;190;7745;4;6;1900
2780;165229.8035;30;7741;6;5;1924
2781;162186.0712;30;5633;5;7;1925
2782;166374.8799;20;7200;4;5;1950
2783;161665.185;70;7614;3;5;1905
2784;175079.3288;190;6000;5;7;1955
2785;203840.874;50;6000;5;7;1924
2786;152129.0789;30;7830;3;5;1921
2787;181012.1414;50;9576;6;7;1945
2788;161305.535;30;5747;3;4;1920
2789;203326.393;75;6300;7;6;1910
2790;168385.5711;90;5976;5;7;1920
2791;183564.3652;20;9750;5;5;1958
2792;163784.6194;50;4761;3;3;1918
2793;171989.1922;70;11737;6;7;1924
2794;180839.9562;50;6120;3;5;1930
2795;170895.9232;50;6120;5;7;1930
2796;174071.0548;30;11672;5;5;1925
2797;259423.8591;50;33120;6;5;1962
2798;188000.8247;50;10320;4;5;1924
2799;179171.7036;70;7518;5;8;1910
2800;171022.2414;30;9000;5;4;1919
2801;174126.2972;30;7200;6;6;1930
2802;187625.5733;50;12375;5;5;1951
2803;199567.9464;90;11136;6;5;1964
2804;205328.0782;20;21370;5;5;1950
2805;166231.535;30;8250;5;7;1935
2806;154743.9161;30;5220;5;3;1936
2807;159714.537;20;5500;7;5;2004
2808;185563.0691;20;11327;5;6;1967
2809;171500.7967;80;10366;6;7;1964
2810;180983.4438;20;9000;5;6;1966
2811;183141.2369;20;9535;5;5;1967
2812;178498.6345;80;7176;6;6;1978
2813;224323.7105;90;9662;5;4;1977
2814;218200.6421;90;8235;5;4;1977
2815;182283.1778;30;17529;5;5;1924
2816;190054.6392;20;20355;7;6;1967
2817;160192.4539;20;13050;5;6;1963
2818;171289.3936;85;10820;5;7;1971
2819;151131.0987;150;1700;7;5;1980
2820;181721.4582;20;9375;4;5;1954
2821;172725.0539;50;6488;5;5;1942
2822;222438.6991;70;19950;6;7;1928
2823;235419.3734;75;19800;6;8;1935
2824;185150.926;80;11679;5;5;1962
2825;184772.2396;20;12048;5;6;1952
2826;180658.2164;20;10519;5;8;1955
2827;209673.3166;50;9525;6;5;1953
2828;205939.8106;60;12128;6;4;1989
2829;165633.5733;90;9069;6;8;1993
2830;186030.3172;60;11003;7;5;2005
2831;160312.3196;20;7488;7;5;2005
2832;190702.4403;20;13377;6;5;2006
2833;175122.8103;20;11645;8;5;2005
2834;183783.1394;60;10984;7;5;2005
2835;178290.6663;20;9316;7;5;2005
2836;181605.344;60;9316;7;5;2005
2837;187992.4514;20;12000;6;5;1968
2838;188885.1178;20;13015;5;6;1996
2839;189959.3448;60;12438;6;5;1995
2840;179258.6192;20;8685;7;5;1998
2841;181518.7503;60;9272;7;5;1999
2842;193008.6592;60;13426;7;5;1999
2843;186313.8939;60;8340;6;6;1977
2844;181499.3919;80;10385;6;6;1978
2845;174126.2972;20;7200;5;8;1972
2846;183918.6121;60;9930;7;5;2002
2847;184114.2709;60;9468;6;5;1999
2848;158540.9478;20;11088;8;5;2002
2849;197034.7591;60;8726;7;5;2002
2850;185170.2845;60;10566;8;5;1999
2851;221134.5336;60;21533;7;5;1996
2852;184306.6376;60;11250;7;5;1998
2853;199792.3027;60;11250;7;5;1995
2854;143237.8036;120;4435;6;5;2003
2855;177294.8389;20;8810;7;5;2003
2856;182368.6209;60;8581;7;5;2006
2857;176487.9432;60;8400;7;5;2005
2858;183849.4088;20;8772;7;5;2005
2859;184964.1415;70;8777;4;6;1910
2860;196395.9696;90;7840;6;5;1975
2861;188374.9367;20;16133;5;4;1969
2862;176261.2968;60;7162;7;5;2003
2863;163628.1422;20;8050;6;5;2002
2864;180618.0326;60;11060;7;5;2003
2865;161647.3298;180;3675;6;5;2005
2866;167129.5989;160;2522;7;5;2004
2867;174750.9884;50;6956;4;7;1948
2868;177560.2021;50;7822;6;3;1915
2869;192577.7961;50;8707;4;5;1924
2870;199202.899;20;16012;4;4;1954
2871;182818.1567;50;8248;4;4;1922
2872;148217.2625;30;8088;2;3;1922
2873;188997.7971;50;11388;4;7;1910
2874;185807.9289;50;10890;5;5;1938
2875;177030.4778;190;6430;6;6;1945
2876;175942.4746;70;7000;7;8;1926
2877;172912.5186;70;4899;6;8;1920
2878;198359.2489;70;9399;7;8;1919
2879;184379.133;50;10164;5;5;1939
2880;194255.5669;50;6191;5;4;1941
2881;209449.6516;50;21780;6;5;1920
2882;169979.324;50;12400;5;6;1940
2883;188206.2819;50;8170;7;7;1929
2884;186412.4386;70;12320;7;7;1932
2885;196761.3864;70;14210;6;7;1930
2886;208353.2696;60;15600;5;7;1950
2887;166548.0672;30;7288;5;6;1942
2888;175942.4746;50;7000;6;7;1926
2889;166790.4579;30;8534;4;4;1925
2890;160515.8506;30;7030;4;6;1925
2891;192167.6211;50;9060;6;5;1957
2892;178751.5511;30;12366;3;5;1945
2893;198678.8941;190;9000;5;6;1951
2894;164553.1203;50;8520;3;5;1916
2895;156887.9329;120;5748;8;5;2005
2896;164185.7773;120;3842;8;5;2004
2897;212992.1206;20;23580;6;6;1979
2898;197468.5505;90;8385;6;5;1978
2899;180106.8437;20;9116;8;5;2001
2900;183972.0711;80;11080;6;6;1975
2901;245283.1983;20;50102;6;5;1958
2902;170351.9634;20;8098;6;5;2000
2903;195596.3077;20;13618;8;5;2005
2904;189369.7563;20;11577;9;5;2005
2905;223667.4046;20;31250;1;3;1951
2906;169335.3106;90;7020;7;5;1997
2907;167411.0284;160;2665;5;6;1977
2908;187709.555;20;10172;5;7;1968
2909;196526.003;90;11836;5;5;1970
2910;137402.5699;180;1470;4;6;1970
2911;165086.7751;160;1484;4;4;1972
2912;188506.4314;20;13384;5;5;1969
2913;172917.4568;160;1533;4;5;1970
2914;166274.3252;160;1526;4;5;1970
2915;167081.2209;160;1936;4;7;1970
2916;164788.7782;160;1894;4;5;1970
2917;219222.4234;20;20000;5;7;1960
2918;184924.2797;85;10441;5;5;1992
2919;187741.8667;60;9627;7;5;1993
